{"RMSE": 0.2610164265904129, "MAE": 0.19533864903409828, "R2 Score": 0.8929752741138112}