{"RMSE": 0.2709176963832072, "MAE": 0.19523129865078523, "R2 Score": 0.8905156952169984}